Dataset Size,Log-Linear Time (O(n log n)),Linear Time (O(n))
500,0.0007250308990478516,0.00031304359436035156
1000,0.0007758140563964844,0.00044989585876464844
2500,0.0013308525085449219,0.0009357929229736328
5000,0.002521038055419922,0.0016770362854003906
10000,0.004261970520019531,0.0026738643646240234
15000,0.005979776382446289,0.004508018493652344
20000,0.0076999664306640625,0.005274772644042969
